imdbid,split
tt1707386,train
tt6324278,train
tt0448115,train
tt5013056,train
tt6095472,train
tt2709692,train
tt5109784,train
tt0077288,train
tt2561572,train
tt0408306,train
tt0116225,train
tt0092493,train
tt0082782,train
tt0070016,train
tt0073440,train
tt0118688,train
tt8079248,train
tt4532826,train
tt0058672,train
tt2495118,train
tt7634968,train
tt6017942,train
tt0046754,train
tt2888046,train
tt1386932,train
tt0097388,train
tt8695030,train
tt0045920,train
tt2639336,train
tt0068909,train
tt10720210,train
tt7334528,train
tt6806448,train
tt0092605,train
tt7207158,train
tt0095179,train
tt5186608,train
tt0332375,train
tt1846589,train
tt4530422,train
tt0104573,train
tt0087298,train
tt0109447,train
tt0080487,train
tt7282468,train
tt7040874,train
tt6371588,train
tt7752126,train
tt0110367,train
tt0046816,train
tt0060429,train
tt0060438,train
tt0104009,train
tt5537600,train
tt2066051,train
tt2283336,train
tt0369441,train
tt6466464,train
tt4591310,train
tt0092948,train
tt6320628,train
tt6857112,train
tt0155711,train
tt1456661,train
tt1999890,train
tt0113464,train
tt7042862,train
tt0083972,train
tt4761916,train
tt8726116,train
tt9251718,train
tt5113040,train
tt7073518,train
tt0418819,train
tt0085970,train
tt6146586,train
tt0096256,train
tt0289765,train
tt5649108,train
tt7287136,train
tt4666228,train
tt5968394,train
tt0837563,train
tt3391782,train
tt0098084,train
tt6428676,train
tt2267858,train
tt0106220,train
tt0117894,train
tt9428920,train
tt5596104,train
tt7014006,train
tt3576060,train
tt3206798,train
tt6921996,train
tt2798920,train
tt4953610,train
tt0114608,train
tt7043070,train
tt5886046,train
tt3080844,train
tt5160154,train
tt0864835,train
tt2582784,train
tt0245429,train
tt5912454,train
tt0424095,train
tt2518848,train
tt3120508,train
tt6644200,train
tt1628841,train
tt4520924,train
tt3626442,train
tt3986978,train
tt2401878,train
tt1230168,train
tt5081618,train
tt6857166,train
tt5338644,train
tt2991532,train
tt0093756,train
tt6981634,train
tt3597400,train
tt6149802,train
tt5167174,train
tt0087928,train
tt1791528,train
tt2439946,train
tt5657846,train
tt5700672,train
tt3540136,train
tt3922754,train
tt2186712,train
tt3261182,train
tt5354458,train
tt4701182,train
tt6215044,train
tt1411238,train
tt3715296,train
tt5039994,train
tt0113957,train
tt2693580,train
tt1972591,train
tt0081573,train
tt1907668,train
tt0096101,train
tt0892791,train
tt8804688,train
tt0120630,train
tt1277953,train
tt0413267,train
tt0481499,train
tt0138749,train
tt7399158,train
tt1694020,train
tt0097778,train
tt0479952,train
tt1911658,train
tt6499752,train
tt4943934,train
tt2196430,train
tt0279493,train
tt1321509,train
tt0168501,train
tt0081562,train
tt0113845,train
tt0297181,train
tt7108976,train
tt6231588,train
tt0099582,train
tt0033553,train
tt0190865,train
tt0059245,train
tt4288674,train
tt8671462,train
tt0095497,train
tt0490215,train
tt1411704,train
tt0085248,train
tt0093999,train
tt7616798,train
tt3606888,train
tt7008872,train
tt2018111,train
tt1645170,train
tt3553442,train
tt4225696,train
tt4217392,train
tt4537896,train
tt2165735,train
tt1255919,train
tt1758810,train
tt4504438,train
tt1477834,train
tt1596363,train
tt4925292,train
tt1663143,train
tt1817771,train
tt5734576,train
tt5664636,train
tt0841046,train
tt1302011,train
tt7349662,train
tt6966692,train
tt2119543,train
tt1270797,train
tt4633694,train
tt0181316,train
tt3450650,train
tt0092563,train
tt2671706,train
tt0057251,train
tt1428538,train
tt0365957,train
tt6781982,train
tt0090685,train
tt6911608,train
tt3640424,train
tt0427152,train
tt0077504,train
tt0111143,train
tt0117107,train
tt0281686,train
tt0089489,train
tt2042447,train
tt1502407,train
tt6133466,train
tt4786282,train
tt1980209,train
tt0479884,train
tt5734548,train
tt0134983,train
tt0074559,train
tt0983193,train
tt3095734,train
tt2202750,train
tt0082348,train
tt0026714,train
tt2538128,train
tt0101452,train
tt0109045,train
tt2136808,train
tt5160954,train
tt8560130,train
tt9004516,train
tt5936438,train
tt0312004,train
tt3604958,train
tt5974388,train
tt1928329,train
tt0064395,train
tt1492842,train
tt4779682,train
tt7681902,train
tt6599064,train
tt0389790,train
tt5363648,train
tt1235522,train
tt0102388,train
tt5758778,train
tt1268799,train
tt1951261,train
tt4738802,train
tt2309260,train
tt6883152,train
tt5725894,train
tt0095990,train
tt6580394,train
tt3399112,train
tt0061512,train
tt0195714,train
tt8033592,train
tt0417148,train
tt1037705,train
tt7424200,train
tt5639446,train
tt3874544,train
tt0126029,train
tt0974015,train
tt2126355,train
tt0441773,train
tt4624424,train
tt1935859,train
tt0063829,train
tt1446192,train
tt0083767,train
tt0082250,train
tt0060921,train
tt0088915,train
tt0094118,train
tt0892782,train
tt1646971,train
tt0892769,train
tt7690670,train
tt0067741,train
tt0095348,train
tt0051525,train
tt0313443,train
tt0087800,train
tt0089901,train
tt5220122,train
tt1179056,train
tt6772950,train
tt1540011,train
tt2660888,train
tt0078346,train
tt0114069,train
tt0092710,train
tt0102526,train
tt0106455,train
tt0104265,train
tt3110958,train
tt0101984,train
tt1411697,train
tt1119646,train
tt5052474,train
tt0111255,train
tt2557478,train
tt0293815,train
tt3393786,train
tt0790724,train
tt1055292,train
tt0090859,train
tt0095188,train
tt4881806,train
tt1179933,train
tt3862750,train
tt2011159,train
tt7518466,train
tt0795421,train
tt5308322,train
tt7109844,train
tt4542660,train
tt2527336,train
tt6116682,train
tt5325030,train
tt1578275,train
tt3957170,train
tt0455944,train
tt3532216,train
tt0056264,train
tt0077572,train
tt5719108,train
tt0104815,train
tt0066448,train
tt0059803,train
tt4477536,train
tt0382992,train
tt0257076,train
tt0048380,train
tt0077235,train
tt0034587,train
tt0036855,train
tt0071675,train
tt6333066,train
tt4397414,train
tt0451279,train
tt0918940,train
tt0211443,train
tt2967226,train
tt4765284,train
tt5726086,train
tt6421110,train
tt3783958,train
tt1219827,train
tt4966046,train
tt6094944,train
tt1291150,train
tt5061162,train
tt3773378,train
tt1519461,train
tt2283362,train
tt5301544,train
tt5612742,train
tt4848010,train
tt1754767,train
tt1540115,train
tt4877122,train
tt1650062,train
tt1959563,train
tt3892618,train
tt4335520,train
tt2378507,train
tt4131800,train
tt3469046,train
tt3564472,train
tt1711525,train
tt0498381,train
tt2473510,train
tt3065204,train
tt3799694,train
tt0088206,train
tt1253863,train
tt4139124,train
tt3534842,train
tt5278578,train
tt2250912,train
tt3890160,train
tt6414866,train
tt4425200,train
tt3038734,train
tt4935334,train
tt5115546,train
tt6231792,train
tt4939066,train
tt3717316,train
tt5072406,train
tt7456468,train
tt5022872,train
tt5120042,train
tt4799050,train
tt3121332,train
tt5442430,train
tt4698684,train
tt3917210,train
tt2398241,train
tt4160708,train
tt0406375,train
tt0079073,train
tt2639254,train
tt0355702,train
tt1374989,train
tt2513074,train
tt1355644,train
tt4882174,train
tt0084191,train
tt1808339,train
tt3407428,train
tt4972582,train
tt4361050,train
tt1753383,train
tt4649416,train
tt2034800,train
tt4550098,train
tt4630562,train
tt2650978,train
tt8071196,train
tt0099938,train
tt0046912,train
tt0091763,train
tt0095031,train
tt5052448,train
tt0881320,train
tt0095593,train
tt0891527,train
tt0106452,train
tt0181739,train
tt0119592,train
tt0104107,train
tt0031867,train
tt0094894,train
tt0077838,train
tt0098309,train
tt0101371,train
tt0301470,train
tt0061452,train
tt0100232,train
tt0113228,train
tt0089530,train
tt0116253,train
tt0053125,train
tt0093713,train
tt1391116,train
tt2586118,train
tt0277027,train
tt0106701,train
tt0101635,train
tt0094027,train
tt0120094,train
tt0085333,train
tt0118661,train
tt2318092,train
tt1582465,train
tt0035015,train
tt0057193,train
tt1488555,train
tt0423977,train
tt0245046,train
tt0100486,train
tt1564585,train
tt0120787,train
tt0113870,train
tt0444682,train
tt1139668,train
tt2910814,train
tt2024469,train
tt0365907,train
tt1216491,train
tt2349144,train
tt0264935,train
tt2377322,train
tt0102915,train
tt0367652,train
tt0374536,train
tt0095925,train
tt2788710,train
tt2170299,train
tt0243655,train
tt0118750,train
tt0110657,train
tt0120686,train
tt0102492,train
tt0164912,train
tt0243585,train
tt1564367,train
tt0389860,train
tt0088680,train
tt0274309,train
tt0101701,train
tt1282140,train
tt0852713,train
tt0879870,train
tt0117008,train
tt0099204,train
tt0097757,train
tt0409182,train
tt0089175,train
tt0172493,train
tt0112818,train
tt0310793,train
tt1535109,train
tt4178092,train
tt2717822,train
tt0114134,train
tt1596345,train
tt0112887,train
tt0318374,train
tt0108026,train
tt1285016,train
tt1568346,train
tt2473602,train
tt0811080,train
tt0243133,train
tt0119080,train
tt0065112,train
tt0205271,train
tt1632708,train
tt0101698,train
tt0210358,train
tt0091934,train
tt1307068,train
tt0091777,train
tt0089822,train
tt0102395,train
tt0093493,train
tt0084745,train
tt0263488,train
tt0097737,train
tt0144814,train
tt2334879,train
tt1599348,train
tt2140379,train
tt0434409,train
tt0114576,train
tt1648179,train
tt1204975,train
tt1655460,train
tt0114852,train
tt1284575,train
tt0102303,train
tt0076489,train
tt0069495,train
tt1121096,train
tt3713166,train
tt2870612,train
tt2239832,train
tt1621045,train
tt0457939,train
tt0090927,train
tt0093164,train
tt0130018,train
tt0424136,train
tt1872181,train
tt0990407,train
tt0164052,train
tt3721936,train
tt0401420,train
tt0492044,train
tt0098994,train
tt1457765,train
tt3470600,train
tt4302938,train
tt0479500,train
tt1219342,train
tt0047795,train
tt4263482,train
tt1700841,train
tt0119109,train
tt0101745,train
tt0099077,train
tt0097236,train
tt1043791,train
tt0279688,train
tt2396701,train
tt2240312,train
tt2702724,train
tt2245003,train
tt1767372,train
tt1274586,train
tt2381991,train
tt0985025,train
tt3307726,train
tt2493486,train
tt1509767,train
tt1572491,train
tt1031280,train
tt1982735,train
tt0286306,train
tt0443435,train
tt3384904,train
tt1331307,train
tt0492486,train
tt1757742,train
tt2474438,train
tt2012665,train
tt3036676,train
tt1014763,train
tt2304953,train
tt3202890,train
tt0928375,train
tt2457138,train
tt1956620,train
tt2166934,train
tt3203890,train
tt1278449,train
tt2382396,train
tt0107302,train
tt3093522,train
tt1396523,train
tt1754656,train
tt0479162,train
tt1617661,train
tt2223990,train
tt1621046,train
tt2106476,train
tt3233418,train
tt2725962,train
tt1130088,train
tt2094064,train
tt1833888,train
tt1815862,train
tt0490181,train
tt0407304,train
tt1321870,train
tt1595656,train
tt1667889,train
tt0097322,train
tt2094018,train
tt1764183,train
tt1770734,train
tt0079592,train
tt1132130,train
tt1386703,train
tt0450336,train
tt0457572,train
tt0780607,train
tt1931435,train
tt1878942,train
tt1839654,train
tt0094678,train
tt0369672,train
tt0099797,train
tt1629705,train
tt1531663,train
tt0093693,train
tt0095684,train
tt1436432,train
tt0087078,train
tt1181791,train
tt0109835,train
tt0433412,train
tt1221208,train
tt0094321,train
tt0111301,train
tt1155076,train
tt0460810,train
tt0486358,train
tt1462758,train
tt0478188,train
tt0338216,train
tt0104438,train
tt0077294,train
tt0055031,train
tt0053946,train
tt0061418,train
tt0062765,train
tt0032599,train
tt0233277,train
tt1895587,train
tt0810819,train
tt0048545,train
tt0049730,train
tt0475290,train
tt3203606,train
tt0033467,train
tt1971352,train
tt0100935,train
tt0056193,train
tt4530832,train
tt3534282,train
tt1783732,train
tt4094724,train
tt3079016,train
tt1440732,train
tt3746298,train
tt3760922,train
tt1334537,train
tt0910936,train
tt4196776,train
tt0149261,train
tt0107362,train
tt2191701,train
tt3499424,train
tt1663662,train
tt7069210,train
tt3276924,train
tt2547172,train
tt3393070,train
tt0423294,train
tt1276419,train
tt0803096,train
tt2216240,train
tt2310332,train
tt1170358,train
tt0903624,train
tt1507566,train
tt0988045,train
tt1766094,train
tt1374992,train
tt0770828,train
tt0105698,train
tt0024216,train
tt1709143,train
tt1578882,train
tt2279339,train
tt5323662,train
tt0800320,train
tt0120912,train
tt1392190,train
tt1985949,train
tt2379713,train
tt0120685,train
tt1985966,train
tt0097647,train
tt0091326,train
tt1234721,train
tt2967224,train
tt3850590,train
tt0119282,train
tt3628584,train
tt0948470,train
tt0413300,train
tt1038686,train
tt0091167,train
tt0079522,train
tt0316654,train
tt3530002,train
tt1430607,train
tt1430626,train
tt2510894,train
tt0837562,train
tt4052882,train
tt7264080,train
tt0834001,train
tt0401855,train
tt0271263,train
tt0385880,train
tt0115963,train
tt0808151,train
tt0373051,train
tt2621126,train
tt2518926,train
tt0108149,train
tt1634121,train
tt0988849,train
tt1016268,train
tt3064298,train
tt2051894,train
tt4034228,train
tt2345112,train
tt0038109,train
tt0097239,train
tt3168230,train
tt1876547,train
tt3567288,train
tt1623288,train
tt1204977,train
tt0298388,train
tt0339291,train
tt0905372,train
tt1440129,train
tt0085636,train
tt0082495,train
tt0116365,train
tt0099253,train
tt0387575,train
tt0144120,train
tt1850457,train
tt3321300,train
tt0091778,train
tt0092076,train
tt1659216,train
tt0860462,train
tt0068762,train
tt0452694,train
tt2581244,train
tt1491044,train
tt2292182,train
tt1927093,train
tt2236160,train
tt2490326,train
tt0093300,train
tt0077766,train
tt2080374,train
tt0061747,train
tt0468492,train
tt0079261,train
tt1536410,train
tt2473682,train
tt2205697,train
tt2226519,train
tt0781008,train
tt1602472,train
tt1350512,train
tt0480271,train
tt0970866,train
tt0068897,train
tt0805564,train
tt0091983,train
tt0102744,train
tt0098577,train
tt0095082,train
tt0089504,train
tt1368116,train
tt0997147,train
tt1634122,train
tt1959490,train
tt1156300,train
tt1334526,train
tt1618442,train
tt1705773,train
tt1350498,train
tt0044081,train
tt2870708,train
tt3045616,train
tt1778304,train
tt1748122,train
tt2202385,train
tt0089017,train
tt0810817,train
tt0061811,train
tt0785035,train
tt0085382,train
tt0086525,train
tt1480295,train
tt0089907,train
tt1605630,train
tt0068833,train
tt1655441,train
tt1245112,train
tt0816711,train
tt1925518,train
tt1932767,train
tt0029947,train
tt1376709,train
tt0787474,train
tt4547120,train
tt0290747,train
tt1529572,train
tt1453403,train
tt0453451,train
tt1853739,train
tt2039345,train
tt2235108,train
tt0084649,train
tt1302067,train
tt0379786,train
tt0087365,train
tt3181822,train
tt0975645,train
tt0086856,train
tt1951266,train
tt2872750,train
tt1116184,train
tt2626350,train
tt0107983,train
tt1229340,train
tt1229238,train
tt1583421,train
tt0493430,train
tt0286788,train
tt0120800,train
tt1571249,train
tt3899796,train
tt1680138,train
tt1587807,train
tt2637276,train
tt0104040,train
tt2109248,train
tt1399103,train
tt1055369,train
tt0113243,train
tt0337579,train
tt0388500,train
tt0097576,train
tt0367882,train
tt0071360,train
tt0077745,train
tt1137470,train
tt1699755,train
tt2024432,train
tt1649419,train
tt3062074,train
tt2724064,train
tt1772925,train
tt0094074,train
tt1263670,train
tt0087469,train
tt0082971,train
tt1305583,train
tt0814255,train
tt0949731,train
tt0416212,train
tt0311429,train
tt0056197,train
tt0848537,train
tt1389137,train
tt1033575,train
tt1033643,train
tt0429493,train
tt2345613,train
tt1408101,train
tt0083550,train
tt2235779,train
tt1807944,train
tt1932718,train
tt1935179,train
tt1155592,train
tt1398426,train
tt2975578,train
tt0044953,train
tt0120654,train
tt0040872,train
tt2458106,train
tt0082332,train
tt1139797,train
tt0378109,train
tt2322441,train
tt0822832,train
tt1131734,train
tt0432283,train
tt1698648,train
tt0109370,train
tt1592873,train
tt1735898,train
tt1935896,train
tt0408524,train
tt0120184,train
tt0078227,train
tt2450186,train
tt2105044,train
tt0835418,train
tt1155056,train
tt3152624,train
tt2004420,train
tt1596350,train
tt1412386,train
tt2382009,train
tt1091191,train
tt2349460,train
tt1821694,train
tt1704573,train
tt0087985,train
tt0101764,train
tt0829150,train
tt1065073,train
tt2481480,train
tt2274570,train
tt1211956,train
tt0469021,train
tt0114508,train
tt0089200,train
tt0780622,train
tt1213663,train
tt2557490,train
tt2318527,train
tt2017038,train
tt1247640,train
tt0120241,train
tt0377471,train
tt1478338,train
tt2398249,train
tt0985694,train
tt1022603,train
tt0327850,train
tt0947798,train
tt1542344,train
tt1538819,train
tt0451079,train
tt0098206,train
tt0091217,train
tt0059113,train
tt0113321,train
tt0311648,train
tt1731141,train
tt1418377,train
tt1572315,train
tt1650043,train
tt1408253,train
tt2848292,train
tt0369610,train
tt2820852,train
tt2980516,train
tt0086006,train
tt0062512,train
tt0246460,train
tt0057076,train
tt0058150,train
tt0830515,train
tt1074638,train
tt0059800,train
tt0381061,train
tt0064757,train
tt0113189,train
tt0090264,train
tt0071807,train
tt0097742,train
tt0143145,train
tt0086034,train
tt0070328,train
tt0055928,train
tt0079574,train
tt1436562,train
tt1318514,train
tt0489099,train
tt0455499,train
tt0303933,train
tt0120913,train
tt0114885,train
tt0473308,train
tt0096463,train
tt0084855,train
tt0250797,train
tt0117979,train
tt1753584,train
tt0094291,train
tt0358273,train
tt0117509,train
tt1323594,train
tt0048605,train
tt0427944,train
tt0120169,train
tt0119313,train
tt0455824,train
tt0114887,train
tt0129387,train
tt1216496,train
tt0101889,train
tt1196141,train
tt1201607,train
tt0952640,train
tt0247745,train
tt1840309,train
tt0376994,train
tt0290334,train
tt0120903,train
tt0120179,train
tt0244970,train
tt0120831,train
tt0073629,train
tt0107977,train
tt0443632,train
tt0069113,train
tt0120772,train
tt0098258,train
tt0343818,train
tt0093822,train
tt0063442,train
tt0119896,train
tt0183649,train
tt0151738,train
tt0110638,train
tt0374900,train
tt0151804,train
tt0093773,train
tt0104691,train
tt0455590,train
tt0203009,train
tt0104952,train
tt0107614,train
tt0183505,train
tt0203019,train
tt0100114,train
tt0328107,train
tt0337978,train
tt0449059,train
tt0240468,train
tt0264761,train
tt0091306,train
tt0359517,train
tt0036613,train
tt0107034,train
tt0454841,train
tt0120703,train
tt0465494,train
tt0101410,train
tt0356721,train
tt0455967,train
tt0116705,train
tt0298845,train
tt0089370,train
tt0116629,train
tt0104431,train
tt0107144,train
tt0102059,train
tt0120681,train
tt0099785,train
tt0104427,train
tt0067116,train
tt0242423,train
tt0099487,train
tt0137523,train
tt0357277,train
tt0364725,train
tt0164114,train
tt0099423,train
tt0095016,train
tt0458352,train
tt0116282,train
tt0319262,train
tt0088944,train
tt0452598,train
tt0349205,train
tt0115857,train
tt0092699,train
tt0078902,train
tt0421729,train
tt0208003,train
tt0065466,train
tt0163978,train
tt0280460,train
tt0118583,train
tt0311113,train
tt0198021,train
tt0467406,train
tt0166396,train
tt0388482,train
tt0139414,train
tt0112864,train
tt0333766,train
tt0094737,train
tt0456554,train
tt0115759,train
tt0064115,train
tt0118617,train
tt0370263,train
tt0078748,train
tt0463854,train
tt0289043,train
tt0086998,train
tt0095159,train
tt0120841,train
tt0072081,train
tt0111282,train
tt0095444,train
tt0109831,train
tt0107616,train
tt0100054,train
tt0333780,train
tt0212985,train
tt0092675,train
tt0080745,train
tt0050083,train
tt0245574,train
tt0070849,train
tt0424345,train
tt0087803,train
tt0097499,train
tt0090142,train
tt0053291,train
tt0100157,train
tt0151568,train
tt0092654,train
tt1081935,train
tt1403177,train
tt1277737,train
tt1213012,train
tt0245238,train
tt0367913,train
tt0873886,train
tt0098141,train
tt0173716,train
tt0100196,train
tt0107492,train
tt0081398,train
tt0125879,train
tt0217355,train
tt0218922,train
tt0239060,train
tt0234354,train
tt0067093,train
tt0226935,train
tt0250202,train
tt0094812,train
tt0363473,train
tt0430919,train
tt0426615,train
tt0090756,train
tt0357507,train
tt0397401,train
tt0086979,train
tt0089927,train
tt0084602,train
tt0079817,train
tt0099348,train
tt0429573,train
tt0433386,train
tt0114436,train
tt0472160,train
tt0804516,train
tt0079501,train
tt0097659,train
tt0058461,train
tt0805570,train
tt0092086,train
tt0094012,train
tt0887912,train
tt1023111,train
tt0430912,train
tt0486321,train
tt1124048,train
tt1053859,train
tt0465580,train
tt0093779,train
tt1232783,train
tt0100502,train
tt1814621,train
tt0082846,train
tt1231587,train
tt2083355,train
tt1103275,train
tt1172994,train
tt1640459,train
tt1912398,train
tt1172570,train
tt1175709,train
tt0365485,train
tt0790736,train
tt0443536,train
tt0426459,train
tt0462519,train
tt0489237,train
tt0373883,train
tt0848557,train
tt0421082,train
tt0795493,train
tt0450385,train
tt1007028,train
tt0976051,train
tt0443559,train
tt0403702,train
tt2184339,train
tt0898367,train
tt1742650,train
tt0497465,train
tt1483013,train
tt0426592,train
tt0362120,train
tt1077258,train
tt1411250,train
tt1028528,train
tt0281322,train
tt0280778,train
tt0171359,train
tt1596343,train
tt0068935,train
tt0120604,train
tt0122541,train
tt0240601,train
tt1690953,train
tt0102370,train
tt0110027,train
tt0133046,train
tt1905041,train
tt0144964,train
tt0193560,train
tt0252299,train
tt0290212,train
tt0282209,train
tt1139328,train
tt0427470,train
tt0052618,train
tt0417741,train
tt0377818,train
tt0112462,train
tt1120985,train
tt0289879,train
tt0329101,train
tt0186566,train
tt0244244,train
tt0100944,train
tt0089791,train
tt0195945,train
tt0066999,train
tt0327056,train
tt0770752,train
tt0480249,train
tt0366548,train
tt0066434,train
tt0084917,train
tt0036098,train
tt0239395,train
tt0103776,train
tt1136608,train
tt1097013,train
tt0464154,train
tt1655420,train
tt1262416,train
tt1655442,train
tt1504320,train
tt0361748,train
tt1311067,train
tt0375568,train
tt1315981,train
tt1951264,train
tt0977855,train
tt1093357,train
tt1045658,train
tt1673434,train
tt1517489,train
tt0945513,train
tt1682181,train
tt1586265,train
tt1764651,train
tt1259521,train
tt1800741,train
tt1764234,train
tt1343727,train
tt0795461,train
tt1327773,train
tt2334649,train
tt0075148,train
tt0102753,train
tt0367085,train
tt0478197,train
tt0226009,train
tt1341167,train
tt0348333,train
tt0338095,train
tt1226236,train
tt0048356,train
tt0064665,train
tt0095953,train
tt0935075,train
tt1262981,train
tt1001562,train
tt0245562,train
tt0114938,train
tt0486674,train
tt0070814,train
tt1293842,train
tt0051036,train
tt0098384,train
tt0120788,train
tt0839880,train
tt0363276,train
tt0227005,train
tt0234137,train
tt0120802,train
tt0981072,train
tt0165854,train
tt1038919,train
tt1392170,train
tt1615091,train
tt0106664,train
tt0115685,train
tt0189584,train
tt0368909,train
tt1598828,train
tt0035140,train
tt0247786,train
tt0309912,train
tt0116743,train
tt1175491,train
tt1855401,train
tt0115798,train
tt0114388,train
tt0120744,train
tt0985699,train
tt0100135,train
tt1095442,train
tt0077597,train
tt0492389,train
tt0059124,train
tt0088960,train
tt0804452,train
tt0162662,train
tt0245712,train
tt1399683,train
tt0075314,train
tt0258000,train
tt1615147,train
tt1588170,train
tt0926084,train
tt0190332,train
tt1436045,train
tt0098453,train
tt0094862,train
tt0327919,train
tt0081071,train
tt0072325,train
tt0087727,train
tt0102555,train
tt0093640,train
tt0104765,train
tt0052564,train
tt0081184,train
tt0084732,train
tt0079240,train
tt0305396,train
tt0100680,train
tt0082416,train
tt0063415,train
tt0057413,train
tt0094142,train
tt0054047,train
tt0120757,train
tt0263757,train
tt0070915,train
tt0098546,train
tt0098090,train
tt0102926,train
tt0086619,train
tt0092003,train
tt0086999,train
tt0071746,train
tt0118900,train
tt0251114,train
tt0070653,train
tt0089730,train
tt0091699,train
tt0105046,train
tt0094783,train
tt0078790,train
tt0086993,train
tt0068931,train
tt0087231,train
tt0076210,train
tt0057115,train
tt0055184,train
tt0383216,train
tt0091875,train
tt0108187,train
tt0098042,train
tt0114287,train
tt0075268,train
tt0102103,train
tt0102005,train
tt0093200,train
tt0080895,train
tt0068673,train
tt0109913,train
tt0048254,train
tt0070379,train
tt0283897,train
tt0373469,train
tt0438488,train
tt0091055,train
tt0295289,train
tt0052896,train
tt0096769,train
tt0049414,train
tt0069897,train
tt0086946,train
tt0068309,train
tt0097138,train
tt0085384,train
tt0069976,train
tt0080661,train
tt0106873,train
tt0057449,train
tt0313911,train
tt1228705,train
tt0139134,train
tt0057012,train
tt0089886,train
tt0088172,train
tt0118708,train
tt0118615,train
tt0381849,train
tt0218839,train
tt0800003,train
tt0427312,train
tt0117407,train
tt1324999,train
tt1325004,train
tt1259571,train
tt0119654,train
tt0104694,train
tt0119822,train
tt0425637,train
tt0079417,train
tt0343660,train
tt0113670,train
tt0310281,train
tt0268126,train
tt0118571,train
tt0074119,train
tt0112442,train
tt0981227,train
tt0106364,train
tt0094721,train
tt0381681,train
tt0142342,train
tt0319061,train
tt0115734,train
tt0101507,train
tt0127723,train
tt0075860,train
tt0376541,train
tt0106673,train
tt0068473,train
tt0112851,train
tt0088323,train
tt0072890,train
tt0119008,train
tt0181536,train
tt0065724,train
tt0365265,train
tt0097441,train
tt0139239,train
tt0120684,train
tt0107048,train
tt0099726,train
tt0308353,train
tt0113277,train
tt0386588,train
tt0102057,train
tt0090060,train
tt0061809,train
tt0107206,train
tt0025316,train
tt0102138,train
tt0119488,train
tt0089457,train
tt0056172,train
tt0110322,train
tt0097733,train
tt0110413,train
tt0107178,train
tt0325805,train
tt0303361,train
tt0829482,train
tt0031679,train
tt0277371,train
tt0107818,train
tt0093886,train
tt0108002,train
tt0323944,train
tt0090022,train
tt0105414,train
tt0092005,train
tt0120201,train
tt0160127,train
tt0044079,train
tt0083131,train
tt0096764,train
tt0080453,train
tt0050212,train
tt0382625,train
tt0119116,train
tt0865556,train
tt0087538,train
tt0033870,train
tt0120746,train
tt0087781,train
tt0120768,train
tt0187393,train
tt0117318,train
tt0454921,train
tt0107943,train
tt0292644,train
tt1273678,train
tt0087332,train
tt0320691,train
tt0383694,train
tt0120890,train
tt1156398,train
tt1554091,train
tt1306980,train
tt0360009,train
tt0308508,train
tt0129167,train
tt0093437,train
tt0120004,train
tt0086508,train
tt0816462,train
tt0206275,train
tt0086873,train
tt0115738,train
tt0424993,train
tt0317676,train
tt0160672,train
tt0399295,train
tt1179891,train
tt0114594,train
tt0870195,train
tt0450278,train
tt0274812,train
tt0831887,train
tt0470705,train
tt0814075,train
tt0353489,train
tt0811138,train
tt0115438,train
tt0488508,train
tt0393162,train
tt0410097,train
tt0100740,train
tt0408839,train
tt0434139,train
tt0264323,train
tt0375173,train
tt0101301,train
tt0080365,train
tt0486259,train
tt0414853,train
tt0103759,train
tt0292963,train
tt0482463,train
tt0246772,train
tt0109305,train
tt0103873,train
tt0163988,train
tt0179116,train
tt0961722,train
tt0375912,train
tt0157472,train
tt1153706,train
tt0433362,train
tt0817538,train
tt0116493,train
tt0150377,train
tt0109676,train
tt0097240,train
tt0326856,train
tt0215750,train
tt0428518,train
tt0119095,train
tt0289944,train
tt0106912,train
tt0050419,train
tt1034032,train
tt0064381,train
tt0815236,train
tt0180734,train
tt0102011,train
tt0251736,train
tt0770810,train
tt0110146,train
tt0186253,train
tt0425123,train
tt1059932,train
tt0215129,train
tt1250777,train
tt0074751,train
tt0110305,train
tt0420251,train
tt0079640,train
tt0113691,train
tt0258273,train
tt0757361,train
tt0473692,train
tt0416320,train
tt0209144,train
tt0117091,train
tt0119715,train
tt0322659,train
tt0120784,train
tt0067589,train
tt0078111,train
tt0337711,train
tt0388395,train
tt0184907,train
tt0040823,train
tt0489281,train
tt0117731,train
tt0094072,train
tt0324127,train
tt0115571,train
tt0185937,train
tt0064045,train
tt0321442,train
tt0109340,train
tt0051436,train
tt0101523,train
tt0298814,train
tt0435625,train
tt1320253,train
tt0093075,train
tt0219699,train
tt0064505,train
tt0385057,train
tt0380510,train
tt0071970,train
tt0314498,train
tt1129442,train
tt0337697,train
tt0268695,train
tt0290095,train
tt0301976,train
tt0159097,train
tt0282120,train
tt0161100,train
tt0139699,train
tt0070895,train
tt0049934,train
tt0048801,train
tt0120524,train
tt0477139,train
tt0096487,train
tt1186830,train
tt1448755,train
tt0893412,train
tt1189340,train
tt0082382,train
tt0049096,train
tt0344604,train
tt0285742,train
tt0395584,train
tt0408236,train
tt0123755,train
tt0092890,train
tt0375679,train
tt0158493,train
tt0078788,train
tt0144084,train
tt0120151,train
tt0261289,train
tt0089945,train
tt0068245,train
tt0348505,train
tt0218182,train
tt0096316,train
tt0406158,train
tt0051364,train
tt0145653,train
tt0060086,train
tt0267248,train
tt0078757,train
tt0258038,train
tt0373908,train
tt0268397,train
tt0099587,train
tt0098625,train
tt0314676,train
tt0062153,train
tt0060736,train
tt0419887,train
tt0366174,train
tt0044672,train
tt0191133,train
tt1305806,train
tt0085407,train
tt0072848,train
tt0055871,train
tt0239986,train
tt0061385,train
tt0096094,train
tt0421239,train
tt0250687,train
tt0082970,train
tt0066181,train
tt0078024,train
tt0063356,train
tt0056267,train
tt0119468,train
tt0099850,train
tt0119360,train
tt0110099,train
tt0319531,train
tt0051745,train
tt0080836,train
tt0430105,train
tt0097336,train
tt0418647,train
tt0044509,train
tt0163983,train
tt0075765,train
tt0109120,train
tt1403865,train
tt0384680,train
tt0117331,train
tt0059575,train
tt0091129,train
tt0252028,train
tt0251075,train
tt0249478,train
tt0069097,train
tt0090357,train
tt0756729,train
tt0364751,train
tt0277434,train
tt1193138,train
tt0345950,train
tt0416236,train
tt0113972,train
tt0377091,train
tt0115678,train
tt1126618,train
tt0114857,train
tt0272020,train
tt0406650,train
tt0830558,train
tt0097481,train
tt0077621,train
tt0335559,train
tt0272207,train
tt0338564,train
tt0113451,train
tt0780567,train
tt0815245,train
tt0327162,train
tt0119874,train
tt0171363,train
tt0785006,train
tt0995039,train
tt0486822,train
tt0099044,train
tt0120324,train
tt0964517,train
tt1251757,train
tt0071771,train
tt0499554,train
tt0203230,train
tt0243736,train
tt0118849,train
tt0099558,train
tt0413895,train
tt0164184,train
tt0445934,train
tt0096933,train
tt0442933,train
tt0109506,train
tt0317248,train
tt0241303,train
tt0065528,train
tt0088930,train
tt0463998,train
tt0787475,train
tt0427229,train
tt0209037,train
tt0112744,train
tt0079540,train
tt0796366,train
tt0124295,train
tt0111280,train
tt0099703,train
tt0164334,train
tt0829459,train
tt0431308,train
tt0080388,train
tt0090830,train
tt1034303,train
tt0116126,train
tt0443489,train
tt0091188,train
tt0081353,train
tt0416051,train
tt0822854,train
tt0054331,train
tt0102975,train
tt0402022,train
tt0116209,train
tt0071577,train
tt0368008,train
tt0469641,train
tt0116367,train
tt0109445,train
tt0219653,train
tt0112346,train
tt0091042,train
tt0266489,train
tt0047396,train
tt0088850,train
tt0090305,train
tt0384642,train
tt0107076,train
tt0106332,train
tt0082198,train
tt0080761,train
tt0120694,train
tt0216787,train
tt0238380,train
tt0169547,train
tt0230600,train
tt0357413,train
tt0079945,train
tt0099810,train
tt0120815,train
tt0119675,train
tt0449467,train
tt0084726,train
tt0172495,train
tt0401383,train
tt0327679,train
tt0095765,train
tt0257044,train
tt1182609,train
tt1179904,train
tt0302886,train
tt0418279,train
tt0120737,train
tt0236493,train
tt0161081,train
tt0181689,train
tt0325537,train
tt0264464,train
tt0369339,train
tt0120647,train
tt0399201,train
tt0942385,train
tt0177789,train
tt0477051,train
tt0043014,train
tt0088286,train
tt0080339,train
tt0086465,train
tt0120082,train
tt0095705,train
tt0112572,train
tt0066011,train
tt0086425,train
tt0273923,train
tt0063522,train
tt0077631,train
tt0162650,train
tt0087277,train
tt0054698,train
tt0071315,train
tt0077663,train
tt0102517,train
tt0056217,train
tt0102768,train
tt0167427,train
tt0116313,train
tt0094006,train
tt0067185,train
tt0074860,train
tt0332379,train
tt0046250,train
tt0213790,train
tt0398165,train
tt0119978,train
tt0185014,train
tt0090329,train
tt0259711,train
tt0196229,train
tt0443706,train
tt0096061,train
tt0114694,train
tt0099653,train
tt0112817,train
tt1046173,train
tt0158983,train
tt0251127,train
tt0105793,train
tt0322802,train
tt0146316,train
tt0080678,train
tt0049833,train
tt0116191,train
tt0457510,train
tt0126886,train
tt0086960,train
tt0105112,train
tt0092099,train
tt0119081,train
tt0094898,train
tt0162661,train
tt0083511,train
tt0038650,train
tt0112573,train
tt0107211,train
tt0064116,train
tt0073802,train
tt0109444,train
tt0120770,train
tt0084434,train
tt0094744,train
tt0091790,train
tt0492619,train
tt0297884,train
tt0108065,train
tt0094608,train
tt0109830,train
tt0377092,train
tt0117060,train
tt0421715,train
tt0317919,train
tt0094226,train
tt0120382,train
tt0317740,train
tt0371746,train
tt0104036,train
tt0128442,train
tt0469494,train
tt0101318,train
tt0115697,train
tt0118826,train
tt0117381,train
tt0257106,train
tt0110889,train
tt0116324,train
tt0261392,train
tt0416508,train
tt0120613,train
tt0271219,train
tt0120907,train
tt0858479,train
tt0115632,train
tt1045670,train
tt0105236,train
tt0120577,train
tt0111512,train
tt0113158,train
tt0104567,train
tt0307987,train
tt0240890,train
tt0114194,train
tt0105488,train
tt0308644,train
tt0247425,train
tt0113326,train
tt0117283,train
tt0077594,train
tt0299977,train
tt0213847,train
tt0104558,train
tt0117571,train
tt0211915,train
tt0118842,train
tt0115639,train
tt0436697,train
tt0338096,train
tt0363226,train
tt0108148,train
tt0160862,train
tt0134119,train
tt0384806,train
tt0286112,train
tt0107822,train
tt0120321,train
tt0192071,train
tt0250323,train
tt0184858,train
tt0144715,train
tt0110588,train
tt0119324,train
tt0035423,train
tt0190590,train
tt0162360,train
tt0120148,train
tt0117666,train
tt0780511,train
tt0114478,train
tt0258068,train
tt0278500,train
tt0134084,train
tt0116242,train
tt0350261,train
tt0103994,train
tt0489327,train
tt0118949,train
tt0110877,train
tt0114805,train
tt0242527,train
tt0190138,train
tt0147004,train
tt0240510,train
tt0102749,train
tt0107426,train
tt0186975,train
tt0338135,train
tt0372824,train
tt0117951,train
tt0217505,train
tt0889573,train
tt0159365,train
tt0227538,train
tt0299658,train
tt0119217,train
tt0358135,train
tt0452623,train
tt0477348,train
tt0119396,train
tt0203536,train
tt1570728,train
tt1557769,train
tt1265621,train
tt0377808,train
tt1133995,train
tt0815230,train
tt1406157,train
tt0118652,train
tt1499658,train
tt1622979,train
tt0420740,train
tt0445946,train
tt0808265,train
tt0305556,train
tt0858411,train
tt0309452,train
tt0363095,train
tt0233657,train
tt0374286,train
tt0437072,train
tt1633356,train
tt1266121,train
tt0457319,train
tt0230512,train
tt0380201,train
tt0492912,train
tt1294136,train
tt0138524,train
tt0113074,train
tt1172060,train
tt1161449,train
tt1087524,train
tt0770778,train
tt0119208,train
tt1290400,train
tt0476964,train
tt0762073,train
tt0760188,train
tt0386751,train
tt0455584,train
tt0149171,train
tt0358569,train
tt0276276,train
tt0454879,train
tt0417751,train
tt0412798,train
tt0470761,train
tt0280605,train
tt0914364,train
tt0832266,train
tt0069704,train
tt1583420,train
tt0368688,train
tt0310924,train
tt0469062,train
tt0327643,train
tt0167116,train
tt0889583,train
tt0101393,train
tt0455362,train
tt1198153,train
tt1584733,train
tt0425112,train
tt0243155,train
tt1423593,train
tt0141926,train
tt0307507,train
tt0119395,train
tt0089755,train
tt0112508,train
tt0097216,train
tt0127536,train
tt0160184,train
tt0790618,train
tt0112431,train
tt0343135,train
tt0114898,train
tt0300532,train
tt0125439,train
tt1645080,train
tt0414387,train
tt0085959,train
tt0132347,train
tt1019452,train
tt0120616,train
tt0209163,train
tt0076723,train
tt0096320,train
tt0315733,train
tt0077975,train
tt0120693,train
tt1452628,train
tt1421051,train
tt0021814,train
tt0232500,train
tt0170016,train
tt0115624,train
tt0859163,train
tt0181865,train
tt0098554,train
tt0477080,train
tt0268978,train
tt0089155,train
tt1232824,train
tt0099365,train
tt0277296,train
tt0120780,train
tt0088847,train
tt0083929,train
tt0452594,train
tt0106677,train
tt1201167,train
tt0463034,train
tt0087597,train
tt0475394,train
tt1082601,train
tt0384793,train
tt0290002,train
tt0056923,train
tt0405422,train
tt0082010,train
tt1127896,train
tt0086250,train
tt0091225,train
tt0095489,train
tt0046876,train
tt0870111,train
tt0478311,train
tt0253474,train
tt0340855,train
tt1226229,train
tt0195685,train
tt0113749,train
tt0360717,train
tt0365748,train
tt0096969,train
tt0212338,train
tt0457400,train
tt1078940,train
tt1135487,train
tt0372183,train
tt0385267,train
tt0440963,train
tt0258463,train
tt0119174,train
tt0112641,train
tt0315327,train
tt0192614,train
tt0098067,train
tt0350258,train
tt0120735,train
tt0430922,train
tt0118689,train
tt1486190,train
tt0132477,train
tt0284837,train
tt0103850,train
tt0993842,train
tt1034389,train
tt0947810,train
tt1234654,train
tt1216492,train
tt0054215,train
tt0083866,train
tt0073195,train
tt0131857,train
tt0091541,train
tt0113360,train
tt0099141,train
tt0056592,train
tt0099329,train
tt0327597,train
tt0023969,train
tt0322589,train
tt0088763,train
tt0218967,train
tt0166924,train
tt1596346,train
tt0382856,train
tt0382810,train
tt0273453,train
tt1194263,train
tt1149361,train
tt0762125,train
tt0323939,train
tt1020543,train
tt1501652,train
tt0284929,train
tt0413466,train
tt0338075,train
tt0446029,train
tt0102175,train
tt1013752,train
tt0337721,train
tt0100107,train
tt0378407,train
tt0906665,train
tt1095217,train
tt1294688,train
tt1664894,train
tt1341188,train
tt1126591,train
tt0913354,train
tt1229822,train
tt0328828,train
tt0872230,train
tt0887883,train
tt0114746,train
tt0095253,train
tt0842926,train
tt0413099,train
tt0101540,train
tt0026138,train
tt0074281,train
tt0115783,train
tt0129290,train
tt0117218,train
tt0119643,train
tt0120669,train
tt0095631,train
tt0120601,train
tt0034240,train
tt0082200,train
tt0094138,train
tt0036775,train
tt0276751,train
tt0363547,train
tt0322259,train
tt0230169,train
tt0081505,train
tt0978764,train
tt1265990,train
tt1588337,train
tt1243957,train
tt0298203,train
tt1220634,train
tt0249462,train
tt0971209,train
tt0491152,train
tt1219289,train
tt0989757,train
tt0450405,train
tt0089560,train
tt0079367,train
tt0204946,train
tt1545098,train
tt1313092,train
tt1431181,train
tt0775489,train
tt1371155,train
tt0804497,train
tt1415283,train
tt0020629,train
tt0265298,train
tt1121977,train
tt1053424,train
tt1226273,train
tt0369735,train
tt0335266,train
tt0068699,train
tt0492492,train
tt1112782,train
tt1151359,train
tt0884224,train
tt0104377,train
tt1186367,train
tt0448564,train
tt0362506,train
tt0087262,train
tt0088128,train
tt0104070,train
tt0088846,train
tt0084707,train
tt0128853,train
tt0396269,train
tt0167260,train
tt0923671,train
tt0488085,train
tt1187064,train
tt0071230,train
tt0263101,train
tt0084787,train
tt1212419,train
tt0285728,train
tt0780608,train
tt1680059,train
tt0929618,train
tt1334512,train
tt0328031,train
tt1401152,train
tt1127180,train
tt0765443,train
tt0206634,train
tt1161864,train
tt0472062,train
tt0040068,train
tt0101615,train
tt0020640,train
tt1231583,train
tt0386117,train
tt0979434,train
tt1287468,train
tt1375666,train
tt1075747,train
tt1261945,train
tt1385867,train
tt1057500,train
tt0878804,train
tt0362478,train
tt0093148,train
tt0080455,train
tt0091244,train
tt0352248,train
tt0324216,train
tt0266915,train
tt0425061,train
tt0758794,train
tt0427327,train
tt0086200,train
tt0335438,train
tt0468569,train
tt0209958,train
tt0455612,train
tt0496806,train
tt0120611,train
tt0338751,train
tt0450259,train
tt0332280,train
tt0097958,train
tt0032138,train
tt0116529,train
tt0117998,train
tt0212346,train
tt0373889,train
tt0120888,train
tt0110475,train
tt0120812,train
tt0087363,train
tt0407887,train
tt0145660,train
tt0122933,train
tt0416449,train
tt0088939,train
tt0089218,train
tt0109686,train
tt0034583,train
tt0133093,train
tt0304141,train
tt0348150,train
tt0107050,train
tt0031381,train
tt0102798,train
tt0325710,train
tt0234215,train
tt0167261,train
tt0122151,train
tt0405159,train
tt0114369,train
tt0242653,train
tt6836772,train
tt1521787,train
tt1876517,train
tt2386490,train
tt2381317,train
tt7131870,train
tt2611408,train
tt1757944,train
tt1107365,train
tt1636629,train
tt3417334,train
tt0264734,train
tt1912996,train
tt1615480,train
tt1912981,train
tt0096118,train
tt1823051,train
tt2062996,train
tt5218234,train
tt1576379,train
tt6874406,train
tt0842000,train
tt0385307,train
tt4172430,train
tt3250590,train
tt0228333,train
tt3949660,train
tt3911554,train
tt0096486,train
tt2403021,train
tt0191636,train
tt3503840,train
tt3677466,train
tt0073260,train
tt1056026,train
tt1075746,train
tt2081255,train
tt1846444,train
tt0942903,train
tt0929629,train
tt1479847,train
tt1294699,train
tt2456594,train
tt1758570,train
tt1261046,train
tt2130142,train
tt2740710,train
tt4296026,train
tt4685096,train
tt2043757,train
tt0085750,train
tt1094162,train
tt0974959,train
tt1653690,train
tt0843873,train
tt0072067,train
tt1376460,train
tt0960835,train
tt1270792,train
tt3063516,train
tt0110989,train
tt0081609,train
tt5093452,train
tt3305316,train
tt0498353,train
tt0116861,train
tt0113636,train
tt0118643,train
tt0183678,train
tt0229440,train
tt0116514,train
tt0112722,train
tt0082694,train
tt0385988,train
tt0113026,train
tt1326972,train
tt0097428,train
tt0425379,train
tt1132626,train
tt1212023,train
tt0432348,train
tt1121931,train
tt0105128,train
tt0890870,train
tt3595776,train
tt0443295,train
tt0469999,train
tt0339294,train
tt0088170,train
tt6560426,train
tt0758746,train
tt0098382,train
tt0083530,train
tt0424774,train
tt0071562,train
tt0092007,train
tt0361411,train
tt0092644,train
tt1328910,train
tt0312640,train
tt0489318,train
tt1151928,train
tt0284491,train
tt5464234,train
tt0367232,train
tt0144528,train
tt0096874,train
tt1743720,train
tt0849470,train
tt5801296,train
tt0330181,train
tt0390468,train
tt0163025,train
tt0187738,train
tt2274064,train
tt0108162,val
tt1386588,val
tt0101625,val
tt1999141,val
tt1007029,val
tt0075066,val
tt0105121,val
tt0062622,val
tt1341341,val
tt0110005,val
tt7575480,val
tt0462499,val
tt0091431,val
tt7575702,val
tt5776858,val
tt0113855,val
tt0296572,val
tt0437800,val
tt0840361,val
tt0163651,val
tt0297037,val
tt0037913,val
tt7668870,val
tt0103644,val
tt0100258,val
tt0918927,val
tt0110148,val
tt0068767,val
tt0101846,val
tt4497338,val
tt7454138,val
tt0023245,val
tt1920849,val
tt0086567,val
tt0120347,val
tt2404233,val
tt1860355,val
tt2553908,val
tt0101917,val
tt0134847,val
tt1091863,val
tt0110598,val
tt0120820,val
tt0362590,val
tt0083629,val
tt5177088,val
tt6000478,val
tt0265459,val
tt0164181,val
tt0356680,val
tt0212235,val
tt0098621,val
tt0115986,val
tt0105435,val
tt0200530,val
tt1659337,val
tt0338526,val
tt2599716,val
tt0462504,val
tt2108605,val
tt0758758,val
tt0825232,val
tt0379725,val
tt0050468,val
tt0467200,val
tt0051786,val
tt0111257,val
tt0340377,val
tt1627497,val
tt0097257,val
tt1293847,val
tt0042208,val
tt4465564,val
tt0100814,val
tt7401588,val
tt1648190,val
tt0349903,val
tt1136683,val
tt2709768,val
tt0259567,val
tt0489270,val
tt2279373,val
tt0057187,val
tt0374102,val
tt0305711,val
tt0480669,val
tt0108174,val
tt0414852,val
tt3228302,val
tt1640548,val
tt3766354,val
tt5226436,val
tt0110907,val
tt0305357,val
tt0494222,val
tt1213644,val
tt2017020,val
tt2241351,val
tt0409847,val
tt0428803,val
tt1496422,val
tt1630564,val
tt0319343,val
tt1645089,val
tt0033804,val
tt0305224,val
tt0047296,val
tt0352277,val
tt5481984,val
tt6777338,val
tt2767266,val
tt0412019,val
tt0098635,val
tt0460740,val
tt0058586,val
tt0337879,val
tt0355295,val
tt0084814,val
tt5294966,val
tt1809398,val
tt0065446,val
tt0408985,val
tt1612774,val
tt0093870,val
tt2404435,val
tt0419706,val
tt4244998,val
tt0078723,val
tt0083739,val
tt0448075,val
tt0119177,val
tt0375063,val
tt0316732,val
tt1979320,val
tt3106120,val
tt0400717,val
tt1602098,val
tt0348836,val
tt0472458,val
tt0976222,val
tt0100828,val
tt0263734,val
tt6823368,val
tt1217613,val
tt7204400,val
tt0108550,val
tt0800241,val
tt1210166,val
tt0960144,val
tt0955308,val
tt6398184,val
tt2230358,val
tt0177971,val
tt0118887,val
tt0959337,val
tt0110516,val
tt3605418,val
tt2752772,val
tt1817273,val
tt5711820,val
tt0093223,val
tt0085549,val
tt1013753,val
tt0118607,val
tt0302674,val
tt0090856,val
tt2025526,val
tt3602442,val
tt0469623,val
tt0245803,val
tt1290471,val
tt2989524,val
tt2538778,val
tt1663207,val
tt0175142,val
tt1600195,val
tt0821642,val
tt0120520,val
tt5582876,val
tt0210070,val
tt0286947,val
tt4092422,val
tt0078163,val
tt0266697,val
tt1489889,val
tt1666801,val
tt0120902,val
tt0078767,val
tt1911533,val
tt0186508,val
tt0101921,val
tt5667482,val
tt1748179,val
tt0081283,val
tt2096672,val
tt0200465,val
tt1450321,val
tt0892318,val
tt0433416,val
tt0151582,val
tt1860353,val
tt2378281,val
tt0066026,val
tt0083642,val
tt1496025,val
tt2024506,val
tt0068284,val
tt0183790,val
tt0300556,val
tt0105812,val
tt0068646,val
tt3605266,val
tt1240982,val
tt1876261,val
tt0253754,val
tt1456635,val
tt1232200,val
tt1135084,val
tt8426112,val
tt0145531,val
tt0104714,val
tt0434124,val
tt0901476,val
tt0070047,val
tt0332047,val
tt0415306,val
tt0338348,val
tt0046303,val
tt0303816,val
tt0070909,val
tt0105327,val
tt3142366,val
tt0082766,val
tt0100133,val
tt0970179,val
tt0420757,val
tt0120188,val
tt0331632,val
tt0944835,val
tt0100519,val
tt0087065,val
tt0335119,val
tt5199588,val
tt0817177,val
tt1679335,val
tt0120587,val
tt1335975,val
tt1532503,val
tt0300051,val
tt0072251,val
tt0120620,val
tt5952594,val
tt1646987,val
tt1060277,val
tt0097500,val
tt0283090,val
tt0102960,val
tt1588173,val
tt0363143,val
tt4019560,val
tt0483607,val
tt0093091,val
tt0056241,val
tt2832470,val
tt0364385,val
tt1051904,val
tt2975590,val
tt0031725,val
tt1196948,val
tt0068835,val
tt0061791,val
tt0047472,val
tt0320244,val
tt0259324,val
tt0351283,val
tt0073190,val
tt0078872,val
tt1357005,val
tt0097351,val
tt0115641,val
tt2719848,val
tt0079714,val
tt1658801,val
tt1334536,val
tt3077214,val
tt0064276,val
tt0452625,val
tt2552498,val
tt0301199,val
tt0082418,val
tt0377109,val
tt0293564,val
tt6015706,val
tt0102510,val
tt0021884,val
tt3164256,val
tt1462041,val
tt0113161,val
tt1174732,val
tt0103786,val
tt0053604,val
tt0054997,val
tt0118113,val
tt0246544,val
tt5716380,val
tt0022913,val
tt0280609,val
tt0108052,val
tt0480255,val
tt0102951,val
tt3598222,val
tt6212478,val
tt1438254,val
tt0294357,val
tt0070510,val
tt0109279,val
tt0112697,val
tt0324133,val
tt1297919,val
tt1091722,val
tt0275022,val
tt0100403,val
tt0116778,val
tt0321704,val
tt0318462,val
tt1231287,val
tt2531344,val
tt1549920,val
tt6343314,val
tt1423894,val
tt0076666,val
tt0438205,val
tt1266029,val
tt0384814,val
tt0107387,val
tt0203119,val
tt0120053,val
tt0118928,val
tt4912910,val
tt1465522,val
tt0325258,val
tt0138704,val
tt0368709,val
tt0103874,val
tt0093660,val
tt2708254,val
tt0165798,val
tt0899106,val
tt0339727,val
tt0186894,val
tt0256380,val
tt0097815,val
tt5462602,val
tt2051879,val
tt1385826,val
tt0119783,val
tt0313737,val
tt0378194,val
tt1386697,val
tt1563742,val
tt0285823,test
tt2637294,test
tt0056869,test
tt3531824,test
tt0109288,test
tt0119567,test
tt3717490,test
tt1563738,test
tt2231253,test
tt4438848,test
tt3280262,test
tt0163187,test
tt0172156,test
tt3410834,test
tt0448157,test
tt1270761,test
tt1747958,test
tt0075686,test
tt0780653,test
tt1409024,test
tt0790636,test
tt0884328,test
tt3416742,test
tt0497116,test
tt0079239,test
tt2543164,test
tt0162222,test
tt1258972,test
tt0241527,test
tt1285009,test
tt1473801,test
tt0106598,test
tt1389096,test
tt0472181,test
tt0089853,test
tt3397884,test
tt1469304,test
tt0288477,test
tt0102266,test
tt0298148,test
tt0044685,test
tt4555426,test
tt0318155,test
tt3371366,test
tt0419843,test
tt0455857,test
tt1135503,test
tt4382872,test
tt0024184,test
tt0090056,test
tt0076752,test
tt0067992,test
tt0371246,test
tt0081455,test
tt1981677,test
tt0250494,test
tt1235796,test
tt0063350,test
tt0093409,test
tt0320661,test
tt2005374,test
tt0082398,test
tt1524575,test
tt2091473,test
tt0105695,test
tt0119345,test
tt1198138,test
tt0097613,test
tt0090837,test
tt0844471,test
tt5164214,test
tt1133985,test
tt1001526,test
tt3960412,test
tt0063688,test
tt0377107,test
tt1213641,test
tt0071706,test
tt0102316,test
tt3170902,test
tt1226753,test
tt0104348,test
tt0023027,test
tt0181875,test
tt0473464,test
tt0100301,test
tt0116695,test
tt0118715,test
tt1210801,test
tt0103074,test
tt1937390,test
tt0096787,test
tt0291341,test
tt0085127,test
tt0332452,test
tt0059742,test
tt0312528,test
tt1869315,test
tt1740707,test
tt0762107,test
tt3614530,test
tt2395199,test
tt0491747,test
tt8426846,test
tt0238924,test
tt2992146,test
tt0118971,test
tt0814022,test
tt0325703,test
tt2923316,test
tt0386140,test
tt0104695,test
tt0086393,test
tt0266747,test
tt0390022,test
tt0449010,test
tt0091530,test
tt0274166,test
tt1024648,test
tt0482606,test
tt1288558,test
tt5460416,test
tt6205872,test
tt3672840,test
tt0795426,test
tt0083987,test
tt1092026,test
tt0473488,test
tt0054135,test
tt0062803,test
tt0486583,test
tt0099399,test
tt0117887,test
tt1325753,test
tt0113537,test
tt0238546,test
tt2833768,test
tt8155288,test
tt0795351,test
tt3829920,test
tt0118632,test
tt1205537,test
tt3457734,test
tt0317198,test
tt0118798,test
tt3322940,test
tt0267913,test
tt0452608,test
tt1792794,test
tt2093977,test
tt0388125,test
tt0110366,test
tt0236640,test
tt0070034,test
tt5599818,test
tt1190080,test
tt0096734,test
tt0103919,test
tt0118564,test
tt0227445,test
tt3263408,test
tt0439815,test
tt2554274,test
tt0061735,test
tt0125664,test
tt5182856,test
tt0411477,test
tt0283026,test
tt0085672,test
tt2406566,test
tt0427969,test
tt0185431,test
tt0871426,test
tt3482062,test
tt0463985,test
tt7475886,test
tt0103956,test
tt0093137,test
tt0120844,test
tt5112578,test
tt1355630,test
tt0091159,test
tt1482459,test
tt0351977,test
tt0095690,test
tt0101272,test
tt0299981,test
tt0065214,test
tt6958014,test
tt0118073,test
tt0085470,test
tt3569230,test
tt0368794,test
tt1623745,test
tt0489049,test
tt0117628,test
tt1242618,test
tt0391198,test
tt0120631,test
tt0067411,test
tt0884732,test
tt1340138,test
tt2872518,test
tt0367594,test
tt1099212,test
tt0303714,test
tt0085862,test
tt0208092,test
tt2175927,test
tt0112642,test
tt0093565,test
tt0074285,test
tt0090555,test
tt0120891,test
tt0076729,test
tt0120458,test
tt0082432,test
tt0470993,test
tt0122718,test
tt0207201,test
tt0468565,test
tt0100530,test
tt1233227,test
tt0111161,test
tt0111653,test
tt0039628,test
tt0110329,test
tt0070460,test
tt0405061,test
tt0391024,test
tt0089118,test
tt4872162,test
tt0110622,test
tt0118799,test
tt0155267,test
tt0114814,test
tt0119576,test
tt0307351,test
tt0108160,test
tt0043456,test
tt2763304,test
tt0339091,test
tt1192628,test
tt1646111,test
tt0090713,test
tt2113075,test
tt1343092,test
tt0099371,test
tt1614989,test
tt0050825,test
tt0802948,test
tt6408946,test
tt9573086,test
tt0077416,test
tt3717252,test
tt2236182,test
tt2756412,test
tt0295297,test
tt1650554,test
tt2381249,test
tt0339526,test
tt0382943,test
tt0295178,test
tt1020558,test
tt1592281,test
tt0229260,test
tt0399901,test
tt2195548,test
tt0115985,test
tt1692084,test
tt0101587,test
tt4566574,test
tt0963794,test
tt0477347,test
tt1610528,test
tt0048028,test
tt0104808,test
tt0326769,test
tt0180093,test
tt0119349,test
tt2839312,test
tt5941692,test
tt2118624,test
tt1486185,test
tt0054428,test
tt0116483,test
tt2592614,test
tt2103264,test
tt7547410,test
tt0234829,test
tt0093748,test
tt1152836,test
tt0120755,test
tt0094921,test
tt1183733,test
tt7745068,test
tt0397535,test
tt0988595,test
tt0817230,test
tt6212136,test
tt0051201,test
tt4195278,test
tt4005332,test
tt4795124,test
tt0430308,test
tt0240772,test
tt0042192,test
tt0268380,test
tt0037536,test
tt0066206,test
tt1321860,test
tt0108525,test
tt0113497,test
tt0454945,test
tt0276919,test
tt1477076,test
tt0067328,test
tt0055706,test
tt0084021,test
tt7260048,test
tt5173032,test
tt1294970,test
tt0120689,test
tt0092115,test
tt1058017,test
tt0455760,test
tt0377062,test
tt0117108,test
tt0361693,test
tt1232829,test
tt0314331,test
tt4572792,test
tt0264472,test
tt0119528,test
tt1637706,test
tt0800039,test
tt3062096,test
tt1270262,test
tt0480687,test
tt0071402,test
tt0103859,test
tt2436386,test
tt4145324,test
tt0270288,test
tt0396171,test
tt1477855,test
tt0286716,test
tt5117670,test
tt1656186,test
tt0065126,test
tt2333784,test
tt1114740,test
tt3631112,test
tt0096895,test
tt0087995,test
tt0070355,test
tt0280438,test
tt0995740,test
tt0838283,test
tt1279935,test
tt0090633,test
tt3453772,test
tt0120879,test
tt0113101,test
tt0349889,test
tt0997143,test
tt0089572,test
tt0069995,test
tt0312329,test
tt0115906,test
tt0117128,test
tt0112384,test
tt1825157,test
tt0357470,test
tt4183692,test
tt7137846,test
tt0120915,test
tt7275200,test
tt3860916,test
tt0454848,test
tt0060196,test
tt3316948,test
tt0372334,test
tt0138097,test
tt1289401,test
tt0293662,test
tt0112715,test
tt0486655,test
tt0063518,test
tt2345759,test
tt0055614,test
tt0414055,test
tt0052832,test
tt4666726,test
tt0286499,test
tt0032904,test
tt0337972,test
tt0168786,test
tt0108071,test
tt0093010,test
tt0071517,test
tt2368619,test
tt3850214,test
tt1237838,test
tt0409459,test
tt0221799,test
tt0095560,test
tt1195478,test
tt0051878,test
tt0097758,test
tt1366365,test
tt2097307,test
tt0074174,test
tt0120679,test
tt1272878,test
tt1528854,test
tt1356864,test
tt0045152,test
tt1255953,test
tt0085811,test
tt0397044,test
tt0111686,test
tt0448694,test
tt0245686,test
tt0299117,test
tt0119717,test
tt5610554,test
tt0421238,test
tt0104231,test
tt0112401,test
tt0049406,test
tt0118655,test
tt1568338,test
tt2023587,test
tt0251160,test
tt1790885,test
tt0162346,test
tt0093428,test
tt0758774,test
tt0110912,test
tt0283111,test
tt0280590,test
tt2383068,test
tt0822847,test
tt0133952,test
tt2872810,test
tt0032976,test
tt0099674,test
tt2304933,test
tt0382077,test
tt1865393,test
tt0938283,test
tt0119215,test
tt2267968,test
tt0285487,test
tt0118771,test
tt3230934,test
tt1649444,test
tt0252866,test
tt1637725,test
tt2109184,test
tt0372588,test
tt0805619,test
tt0386032,test
tt2091256,test
tt1470023,test
tt0220506,test
tt0093605,test
tt1758830,test
tt1253596,test
tt0119738,test
tt0094910,test
tt0460732,test
tt1838544,test
tt0929632,test
tt1690991,test
tt0091949,test
tt0048424,test
tt4145350,test
tt0993846,test
tt1535108,test
tt1130080,test
tt1527186,test
tt1531911,test
tt0109254,test
tt0101329,test
tt1013743,test
tt1502404,test
tt1225822,test
tt1020773,test
tt1730294,test
tt2300975,test
tt0367959,test
tt5974624,test
tt0091080,test
tt1375670,test
tt0366551,test
tt0106856,test
tt0090728,test
tt0338013,test
tt6663582,test
tt0088707,test
tt0097366,test
tt0264150,test
tt1458175,test
tt1594562,test
tt0043338,test
tt0107290,test
tt1403981,test
tt0120794,test
tt0105323,test
tt0098627,test
tt0269743,test
tt1235837,test
tt0080120,test
tt0330373,test
tt0131325,test
tt0405163,test
tt0137338,test
tt0052357,test
tt0089469,test
tt0107863,test
tt3700392,test
tt1068242,test
tt1182350,test
tt3518988,test
tt0356634,test
tt1913166,test
tt0100507,test
tt0099180,test
tt2872732,test
tt0106770,test
tt0139654,test
tt5529680,test
tt0443649,test
tt0066130,test
tt0078504,test
tt1046163,test
tt6495770,test
tt1027747,test
tt0238112,test
tt3084904,test
tt0306047,test
tt0142688,test
tt3281548,test
tt0114614,test
tt0056218,test
tt1322312,test
tt0119426,test
tt0493129,test
tt0838221,test
tt0110950,test
tt0106379,test
tt0074777,test
tt0824747,test
tt0040897,test
tt0250720,test
tt0099088,test
tt0787470,test
tt4911996,test
tt0059825,test
tt1584016,test
tt0055798,test
tt0070334,test
tt0493464,test
tt0329575,test
tt1017460,test
tt1551621,test
tt0105690,test
tt2293640,test
tt2265398,test
tt0070735,test
tt3607812,test
tt1300851,test
tt0425395,test
tt4211312,test
tt1694508,test
tt0255477,test
tt1440161,test
tt3887158,test
tt1879032,test
tt2296777,test
tt7074886,test
tt0202677,test
tt1972571,test
tt1291584,test
tt5186236,test
tt0274558,test
tt0189998,test
tt0124315,test
tt5938084,test
tt1586261,test
tt0105265,test
tt0763831,test
tt0385004,test
tt1134854,test
tt1130884,test
tt0828393,test
tt0758752,test
tt4698584,test
tt0106387,test
tt0095647,test
tt0174856,test
tt1856101,test
tt0095897,test
tt1194173,test
tt0063374,test
tt0431021,test
tt0120461,test
tt0059578,test
tt0117802,test
tt0448011,test
tt2246549,test
tt0765429,test
tt0034398,test
tt1670345,test
tt0070666,test
tt1440728,test
tt2385752,test
tt0395972,test
tt0116240,test
tt0103596,test
tt0073747,test
tt1640484,test
tt1536044,test
tt0287717,test
tt1000774,test
tt0388182,test
tt0396184,test
tt0482088,test
tt2908446,test
tt0081696,test
tt0470752,test
tt1212450,test
tt0367089,test
tt0395169,test
tt0134067,test
tt0087182,test
tt0125659,test
tt9251598,test
tt0106918,test
tt0478304,test
tt0137363,test
tt0340163,test
tt0119381,test
tt2937696,test
tt1640571,test
tt0133751,test
tt3957956,test
tt5091014,test
tt1245526,test
tt10146586,test
tt1582248,test
tt0427309,test
tt1233219,test
tt0387564,test
tt0104257,test
tt1219671,test
tt0864761,test
tt0076239,test
tt0401792,test
tt5435476,test
tt1353997,test
tt0110074,test
tt0372784,test
tt0040724,test
tt0059287,test
tt0051411,test
tt0120696,test
tt0479143,test
tt7343762,test
tt0083658,test
tt0264616,test
tt2869728,test
tt1951265,test
tt0343121,test
tt3322364,test
tt1713476,test
tt7958736,test
tt0388795,test
tt0117774,test
tt0106308,test
tt0374563,test
tt0242508,test
tt0159273,test
tt1674784,test
tt0097937,test
tt1220719,test
tt0041090,test
tt0344510,test
tt0104409,test
tt2978716,test
tt0119094,test
tt1811307,test
tt0122690,test
tt2911666,test
tt0066995,test
tt0089348,test
tt0426501,test
tt0101912,test
